{
    "mean": [
        0.7974050641059875,
        0.12081699073314667,
        0.24566301703453064,
        0.12623286247253418,
        0.07591313123703003,
        0.10288631170988083,
        0.12623286247253418,
        0.1721915900707245,
        0.9037675857543945,
        0.8352371454238892,
        0.2551349699497223,
        0.9072078466415405,
        0.14474184811115265,
        308718.875,
        48087.70703125,
        0.015262754634022713,
        0.027568968012928963,
        0.021337760612368584,
        0.014176205731928349,
        0.020930267870426178,
        0.1799931526184082,
        0.07431042939424515,
        0.41461870074272156,
        0.06354347616434097,
        0.06358834356069565,
        2.2546844482421875,
        0.9704041481018066,
        0.4308430254459381,
        -2.787657604752525e-10,
        1.0,
        0.040547169744968414,
        0.0633140280842781,
        0.0633140280842781
    ],
    "std": [
        0.15712860226631165,
        0.20216353237628937,
        0.09429658204317093,
        0.1496904492378235,
        0.126154363155365,
        0.13877494633197784,
        0.1496904492378235,
        0.1679764986038208,
        0.057943422347307205,
        0.14484597742557526,
        0.40008288621902466,
        0.8357726335525513,
        0.2412264347076416,
        282501.53125,
        83120.6484375,
        0.03996871039271355,
        0.08422105759382248,
        0.030132785439491272,
        0.016667041927576065,
        0.029700402170419693,
        0.019283762201666832,
        0.01995258778333664,
        0.10475681722164154,
        0.050457943230867386,
        0.05473470315337181,
        0.1080220565199852,
        0.151500403881073,
        0.06802991777658463,
        1.0,
        1.0,
        0.03817649558186531,
        0.06269606947898865,
        0.06269606947898865
    ]
}