Model,Accuracy,Macro F1,Sitting F1,Sleeping F1,Standing F1,Walking F1
2D Action,0.9608909608909609,0.9463705013616485,0.9289729177312213,0.9330289193302892,0.9260089686098655,0.9974711997752178
3D Action,0.9382343068143673,0.9074909936021959,,,,
Fusion 2D+3D Action,0.9691171534071836,0.9532451333329626,0.933641975308642,0.9597000937207123,0.9223140495867769,0.9973244147157191
