Model,Accuracy,Macro F1,Fall Precision,Fall Recall,Fall F1
2D Binary,0.9238060517681371,0.9149975683385823,0.8712401055408971,0.9046575342465754,0.8876344086021506
3D Binary,0.9278048780487805,0.9146428094162992,,,
Fusion 2D+3D Binary,0.9407317073170731,0.9310405975900132,0.8992248062015504,0.9112333071484682,0.9051892313694889
