frame,bbox_x1,bbox_y1,bbox_x2,bbox_y2,bbox_conf,person_index,num_persons,x0,y0,c0,x1,y1,c1,x2,y2,c2,x3,y3,c3,x4,y4,c4,x5,y5,c5,x6,y6,c6,x7,y7,c7,x8,y8,c8,x9,y9,c9,x10,y10,c10,x11,y11,c11,x12,y12,c12,x13,y13,c13,x14,y14,c14,x15,y15,c15,x16,y16,c16
25,5.817251205444336,329.6469421386719,956.68359375,475.4925537109375,0.4670553207397461,0,1,846.4757690429688,359.75335693359375,0.05193273350596428,861.078369140625,369.9480895996094,0.018034566193819046,846.7990112304688,358.87017822265625,0.02453601360321045,873.8157958984375,390.4622497558594,0.08004689961671829,837.809326171875,367.63104248046875,0.253579705953598,852.645263671875,395.43756103515625,0.859235405921936,854.8599853515625,383.7294006347656,0.8651900887489319,827.9158935546875,393.02545166015625,0.6423836350440979,880.8895874023438,406.7899475097656,0.8029868602752686,935.9927978515625,388.6402893066406,0.5264590382575989,926.331787109375,401.71661376953125,0.646628737449646,682.0103759765625,413.0839538574219,0.910616397857666,679.1688842773438,388.3507385253906,0.9314565062522888,532.7045288085938,413.43682861328125,0.9158914089202881,548.6676635742188,388.06402587890625,0.931226372718811,188.73486328125,409.68499755859375,0.8711890578269958,185.02345275878906,429.8797912597656,0.8660382032394409
26,3.8042449951171875,331.5413513183594,942.3439331054688,473.8932189941406,0.5430653691291809,0,1,887.5272827148438,390.3805847167969,0.07408450543880463,890.8746948242188,397.5772705078125,0.01611199602484703,885.890869140625,386.54718017578125,0.06965787708759308,874.1151123046875,400.1835021972656,0.042946744710206985,862.5360717773438,382.0514221191406,0.598078191280365,838.712890625,390.5769348144531,0.7991220355033875,865.2402954101562,393.4526062011719,0.9417003393173218,816.7239379882812,384.44598388671875,0.47822022438049316,898.5875244140625,422.6031494140625,0.9100077748298645,911.5734252929688,390.8944396972656,0.39100462198257446,912.0314331054688,406.959228515625,0.7820659875869751,676.4689331054688,410.03839111328125,0.8871924877166748,686.4374389648438,393.3393859863281,0.9495341181755066,547.4793701171875,415.59649658203125,0.8719492554664612,548.1051635742188,398.81591796875,0.9331833124160767,222.40126037597656,397.7046203613281,0.8085529208183289,218.83554077148438,425.4001770019531,0.8419244885444641
