phase,num_models,best_internal_model,best_internal_macro_f1,best_internal_accuracy,best_external_model,best_external_macro_f1,best_external_accuracy,best_external_fall_recall,best_external_fall_f1
Phase 1,1,phase1_2d_common,0.9234,0.9346,phase1_2d_common,0.5704610363117095,0.5803571428571429,0.4285714285714285,0.5052631578947369
Phase 2,2,phase2_concat_common,0.9299,0.9393,phase2_concat_common,0.7226615544372554,0.7232142857142857,0.6785714285714286,0.7102803738317757
Phase 3,1,phase3_gated_fusion,0.9281,0.9379,phase3_gated_fusion,0.6070175438596491,0.6071428571428571,0.625,0.6140350877192983
Phase 4,2,phase4_quality_concat,0.954617,0.961551,phase4_quality_gated,0.7589093518297059,0.7589285714285714,0.75,0.7567567567567568
