model_name,internal_accuracy,internal_macro_f1,internal_fall_recall,internal_fall_f1,internal_source,best_epoch,external_accuracy,external_macro_f1,external_fall_recall,external_fall_f1,external_not_fall_f1,test_tn,test_fp,test_fn,test_tp,display_name,phase,internal_macro_rank,external_macro_rank,rank_change,accuracy_change_points,macro_f1_change_points,fall_recall_change_points,fall_f1_change_points,is_phase4_quality_aware
phase1_2d_common,0.9346,0.9234,0.8991,0.8942,Phase 3 common internal binary fair set,16,0.5803571428571429,0.5704610363117095,0.4285714285714285,0.5052631578947369,0.6356589147286822,41,15,32,24,Phase 1 - 2D Common,Phase 1,5,6,-1,-35.42428571428571,-35.293896368829046,-47.05285714285715,-38.89368421052632,False
phase2_3d_common,0.9272,0.914,0.8717,0.8804,Phase 3 common internal binary fair set,15,0.6696428571428571,0.6636090591768813,0.5357142857142857,0.6185567010309279,0.7086614173228346,45,11,26,30,Phase 2 - 3D Common,Phase 2,6,4,2,-25.755714285714294,-25.039094082311873,-33.59857142857143,-26.18432989690721,False
phase2_concat_common,0.9393,0.9299,0.932,0.9043,Phase 3 common internal binary fair set,28,0.7232142857142857,0.7226615544372554,0.6785714285714286,0.7102803738317757,0.7350427350427351,43,13,18,38,Phase 2 - 2D+3D Concat,Phase 2,3,3,0,-21.608571428571434,-20.72384455627445,-25.342857142857145,-19.40196261682243,False
phase3_gated_fusion,0.9379,0.9281,0.9221,0.9014,Phase 3 gated fusion internal binary fair set,32,0.6071428571428571,0.6070175438596491,0.625,0.6140350877192983,0.6,33,23,21,35,Phase 3 - Gated Fusion,Phase 3,4,5,-1,-33.075714285714284,-32.10824561403509,-29.710000000000004,-28.73649122807017,False
phase4_quality_gated,0.953457,0.945028,,,Phase 4 quality-aware binary internal evaluation,10,0.7589285714285714,0.7589093518297059,0.75,0.7567567567567568,0.7610619469026548,43,13,14,42,Phase 4 - Quality-Gated,Phase 4,2,1,1,-19.452842857142862,-18.61186481702941,,,True
phase4_quality_concat,0.961551,0.954617,,,Phase 4 quality-aware binary internal evaluation,8,0.7410714285714286,0.7349653202774378,0.5892857142857143,0.6947368421052632,0.7751937984496124,50,6,23,33,Phase 4 - Quality-Concat,Phase 4,1,2,-1,-22.047957142857143,-21.96516797225623,,,True
