{
    "model_type": "gru",
    "model_info": {
        "checkpoint_path": "C:\\Users\\ASUS\\Downloads\\3D_Human_Pose_NCKH\\paper_baselines\\lin2021_yolov8_lstm_gru\\outputs\\checkpoints\\best_gru.pt",
        "checkpoint_epoch": 24,
        "hidden_size": 128,
        "num_layers": 2,
        "dropout": 0.3,
        "bidirectional": false,
        "val_metrics_at_checkpoint": {
            "accuracy": 0.9373716632443532,
            "macro_precision": 0.9299677142127145,
            "macro_recall": 0.9317668681892819,
            "macro_f1": 0.9308556632044456,
            "not_fall_precision": 0.9543307086614173,
            "not_fall_recall": 0.9498432601880877,
            "not_fall_f1": 0.9520816967792616,
            "fall_precision": 0.9056047197640118,
            "fall_recall": 0.9136904761904762,
            "fall_f1": 0.9096296296296297,
            "tn": 1212,
            "fp": 64,
            "fn": 58,
            "tp": 614,
            "loss": 0.2368101274408926
        }
    },
    "sequence_metrics": {
        "accuracy": 0.937992125984252,
        "macro_precision": 0.9278342272499033,
        "macro_recall": 0.934934078975176,
        "macro_f1": 0.9312108071510325,
        "not_fall_precision": 0.9614512471655329,
        "not_fall_recall": 0.9443207126948775,
        "not_fall_f1": 0.952808988764045,
        "fall_precision": 0.8942172073342737,
        "fall_recall": 0.9255474452554745,
        "fall_f1": 0.9096126255380201,
        "tn": 1272,
        "fp": 75,
        "fn": 51,
        "tp": 634
    },
    "video_majority_metrics": {
        "accuracy": 0.9465370595382746,
        "macro_precision": 0.9458958333333334,
        "macro_recall": 0.946294310396187,
        "macro_f1": 0.9460893488798637,
        "not_fall_precision": 0.9386666666666666,
        "not_fall_recall": 0.9436997319034852,
        "not_fall_f1": 0.9411764705882353,
        "fall_precision": 0.953125,
        "fall_recall": 0.9488888888888889,
        "fall_f1": 0.9510022271714922,
        "tn": 352,
        "fp": 21,
        "fn": 23,
        "tp": 427
    },
    "video_mean_probability_metrics": {
        "accuracy": 0.9441069258809235,
        "macro_precision": 0.9442432716669057,
        "macro_recall": 0.9429252308608878,
        "macro_f1": 0.9435326054531352,
        "not_fall_precision": 0.9455040871934605,
        "not_fall_recall": 0.9302949061662198,
        "not_fall_f1": 0.9378378378378378,
        "fall_precision": 0.9429824561403509,
        "fall_recall": 0.9555555555555556,
        "fall_f1": 0.9492273730684326,
        "tn": 347,
        "fp": 26,
        "fn": 20,
        "tp": 430
    },
    "sequence_predictions_csv": "C:\\Users\\ASUS\\Downloads\\3D_Human_Pose_NCKH\\paper_baselines\\lin2021_yolov8_lstm_gru\\outputs\\predictions\\gru_test_sequence_predictions.csv",
    "video_predictions_csv": "C:\\Users\\ASUS\\Downloads\\3D_Human_Pose_NCKH\\paper_baselines\\lin2021_yolov8_lstm_gru\\outputs\\predictions\\gru_test_video_predictions.csv"
}