{
    "model_type": "lstm",
    "model_info": {
        "checkpoint_path": "C:\\Users\\ASUS\\Downloads\\3D_Human_Pose_NCKH\\paper_baselines\\lin2021_yolov8_lstm_gru\\outputs\\checkpoints\\best_lstm.pt",
        "checkpoint_epoch": 41,
        "hidden_size": 128,
        "num_layers": 2,
        "dropout": 0.3,
        "bidirectional": false,
        "val_metrics_at_checkpoint": {
            "accuracy": 0.9342915811088296,
            "macro_precision": 0.9248330414719008,
            "macro_recall": 0.9311767614569338,
            "macro_f1": 0.92785143432543,
            "not_fall_precision": 0.9577352472089314,
            "not_fall_recall": 0.9412225705329154,
            "not_fall_f1": 0.9494071146245059,
            "fall_precision": 0.8919308357348703,
            "fall_recall": 0.9211309523809523,
            "fall_f1": 0.9062957540263543,
            "tn": 1201,
            "fp": 75,
            "fn": 53,
            "tp": 619,
            "loss": 0.2097899824566374
        }
    },
    "sequence_metrics": {
        "accuracy": 0.9010826771653543,
        "macro_precision": 0.8838145949223375,
        "macro_recall": 0.908888094115607,
        "macro_f1": 0.8931705384081199,
        "not_fall_precision": 0.962843295638126,
        "not_fall_recall": 0.8849294729027468,
        "not_fall_f1": 0.9222437137330755,
        "fall_precision": 0.8047858942065491,
        "fall_recall": 0.9328467153284672,
        "fall_f1": 0.8640973630831643,
        "tn": 1192,
        "fp": 155,
        "fn": 46,
        "tp": 639
    },
    "video_majority_metrics": {
        "accuracy": 0.9161603888213852,
        "macro_precision": 0.9174446021701994,
        "macro_recall": 0.9134703604408698,
        "macro_f1": 0.9150522144584909,
        "not_fall_precision": 0.9269662921348315,
        "not_fall_recall": 0.8847184986595175,
        "not_fall_f1": 0.9053497942386831,
        "fall_precision": 0.9079229122055674,
        "fall_recall": 0.9422222222222222,
        "fall_f1": 0.9247546346782988,
        "tn": 330,
        "fp": 43,
        "fn": 26,
        "tp": 424
    },
    "video_mean_probability_metrics": {
        "accuracy": 0.9161603888213852,
        "macro_precision": 0.9181383902721483,
        "macro_recall": 0.913011617515639,
        "macro_f1": 0.914954509715826,
        "not_fall_precision": 0.9318181818181818,
        "not_fall_recall": 0.8793565683646113,
        "not_fall_f1": 0.9048275862068965,
        "fall_precision": 0.9044585987261147,
        "fall_recall": 0.9466666666666667,
        "fall_f1": 0.9250814332247557,
        "tn": 328,
        "fp": 45,
        "fn": 24,
        "tp": 426
    },
    "sequence_predictions_csv": "C:\\Users\\ASUS\\Downloads\\3D_Human_Pose_NCKH\\paper_baselines\\lin2021_yolov8_lstm_gru\\outputs\\predictions\\lstm_test_sequence_predictions.csv",
    "video_predictions_csv": "C:\\Users\\ASUS\\Downloads\\3D_Human_Pose_NCKH\\paper_baselines\\lin2021_yolov8_lstm_gru\\outputs\\predictions\\lstm_test_video_predictions.csv"
}