{
    "model_type": "rnn",
    "model_info": {
        "checkpoint_path": "C:\\Users\\ASUS\\Downloads\\3D_Human_Pose_NCKH\\paper_baselines\\lin2021_yolov8_lstm_gru\\outputs\\checkpoints\\best_rnn.pt",
        "checkpoint_epoch": 18,
        "hidden_size": 128,
        "num_layers": 2,
        "dropout": 0.3,
        "bidirectional": false,
        "val_metrics_at_checkpoint": {
            "accuracy": 0.8578028747433265,
            "macro_precision": 0.846530180546476,
            "macro_recall": 0.8801873413942379,
            "macro_f1": 0.8518335460015491,
            "not_fall_precision": 0.9698965192850423,
            "not_fall_recall": 0.8079937304075235,
            "not_fall_f1": 0.8815733219324497,
            "fall_precision": 0.7231638418079096,
            "fall_recall": 0.9523809523809523,
            "fall_f1": 0.8220937700706487,
            "tn": 1031,
            "fp": 245,
            "fn": 32,
            "tp": 640,
            "loss": 0.32179072833556904
        }
    },
    "sequence_metrics": {
        "accuracy": 0.8238188976377953,
        "macro_precision": 0.8180347033912694,
        "macro_recall": 0.8552739529313587,
        "macro_f1": 0.8177772033133239,
        "not_fall_precision": 0.9687203791469194,
        "not_fall_recall": 0.7587230883444692,
        "not_fall_f1": 0.8509575353871773,
        "fall_precision": 0.6673490276356192,
        "fall_recall": 0.9518248175182482,
        "fall_f1": 0.7845968712394705,
        "tn": 1022,
        "fp": 325,
        "fn": 33,
        "tp": 652
    },
    "video_majority_metrics": {
        "accuracy": 0.8554070473876063,
        "macro_precision": 0.874218800543443,
        "macro_recall": 0.8446112600536193,
        "macro_f1": 0.8497274173774683,
        "not_fall_precision": 0.9379310344827586,
        "not_fall_recall": 0.7292225201072386,
        "not_fall_f1": 0.8205128205128205,
        "fall_precision": 0.8105065666041276,
        "fall_recall": 0.96,
        "fall_f1": 0.8789420142421159,
        "tn": 272,
        "fp": 101,
        "fn": 18,
        "tp": 432
    },
    "video_mean_probability_metrics": {
        "accuracy": 0.8541919805589308,
        "macro_precision": 0.8733525135103613,
        "macro_recall": 0.8432707774798928,
        "macro_f1": 0.8483899491562892,
        "not_fall_precision": 0.9377162629757786,
        "not_fall_recall": 0.7265415549597856,
        "not_fall_f1": 0.8187311178247734,
        "fall_precision": 0.8089887640449438,
        "fall_recall": 0.96,
        "fall_f1": 0.8780487804878049,
        "tn": 271,
        "fp": 102,
        "fn": 18,
        "tp": 432
    },
    "sequence_predictions_csv": "C:\\Users\\ASUS\\Downloads\\3D_Human_Pose_NCKH\\paper_baselines\\lin2021_yolov8_lstm_gru\\outputs\\predictions\\rnn_test_sequence_predictions.csv",
    "video_predictions_csv": "C:\\Users\\ASUS\\Downloads\\3D_Human_Pose_NCKH\\paper_baselines\\lin2021_yolov8_lstm_gru\\outputs\\predictions\\rnn_test_video_predictions.csv"
}