split,prediction_csv,num_videos,num_true_fall,num_true_not_fall,num_pred_fall,num_pred_not_fall,accuracy,sensitivity_fall_recall,specificity_not_fall_recall,macro_precision,macro_recall,macro_f1,fall_precision,fall_recall,fall_f1,not_fall_precision,not_fall_recall,not_fall_f1,tn,fp,fn,tp
train,C:\Users\ASUS\Downloads\3D_Human_Pose_NCKH\paper_baselines\chen2020_yolov8_three_thresholds\outputs\predictions\06_train_video_predictions.csv,3838,2099,1739,1850,1988,0.8465346534653465,0.800381133873273,0.902242668200115,0.8486717602914786,0.8513119010366941,0.8464061810895465,0.9081081081081082,0.800381133873273,0.8508483160293745,0.7892354124748491,0.902242668200115,0.8419640461497183,1569,170,419,1680
val,C:\Users\ASUS\Downloads\3D_Human_Pose_NCKH\paper_baselines\chen2020_yolov8_three_thresholds\outputs\predictions\06_val_video_predictions.csv,822,449,373,384,438,0.8309002433090025,0.7728285077951003,0.900804289544236,0.8353845605022832,0.8368163986696682,0.8308699558738415,0.9036458333333334,0.7728285077951003,0.8331332533013205,0.7671232876712328,0.900804289544236,0.8286066584463625,336,37,102,347
test,C:\Users\ASUS\Downloads\3D_Human_Pose_NCKH\paper_baselines\chen2020_yolov8_three_thresholds\outputs\predictions\06_test_video_predictions.csv,823,450,373,392,431,0.8153098420413123,0.7666666666666667,0.8739946380697051,0.8182412756285808,0.8203306523681859,0.8152113541555879,0.8801020408163265,0.7666666666666667,0.8194774346793349,0.7563805104408353,0.8739946380697051,0.8109452736318408,326,47,105,345
