{
    "task": "action",
    "model_type": "CNN1D_BiLSTM_2D",
    "normalization": "per_frame_xy_mean_std",
    "data_path": "data/master_dataset.csv",
    "train_videos": 1988,
    "test_videos": 497,
    "train_sequences": 14221,
    "test_sequences": 3861,
    "input_dim": 40,
    "sequence_length": 60,
    "stride": 15,
    "batch_size": 64,
    "epochs": 30,
    "learning_rate": 0.001,
    "weight_decay": 0.0001,
    "best_epoch": 17,
    "best_accuracy": 0.9608909608909609,
    "best_f1": 0.9463705013616485,
    "final_test_loss": 0.14261846499236222,
    "final_test_accuracy": 0.9608909608909609,
    "final_test_macro_f1": 0.9463705013616485,
    "classification_report": {
        "Sitting": {
            "precision": 0.9409937888198758,
            "recall": 0.917255297679112,
            "f1-score": 0.9289729177312213,
            "support": 991.0
        },
        "Sleeping": {
            "precision": 0.9176646706586826,
            "recall": 0.9489164086687306,
            "f1-score": 0.9330289193302892,
            "support": 646.0
        },
        "Standing": {
            "precision": 0.9280898876404494,
            "recall": 0.9239373601789709,
            "f1-score": 0.9260089686098655,
            "support": 447.0
        },
        "Walking": {
            "precision": 0.9960718294051627,
            "recall": 0.9988745075970737,
            "f1-score": 0.9974711997752178,
            "support": 1777.0
        },
        "accuracy": 0.9608909608909609,
        "macro avg": {
            "precision": 0.9457050441310426,
            "recall": 0.9472458935309718,
            "f1-score": 0.9463705013616485,
            "support": 3861.0
        },
        "weighted avg": {
            "precision": 0.9609458799777937,
            "recall": 0.9608909608909609,
            "f1-score": 0.9608342849852833,
            "support": 3861.0
        }
    },
    "classification_report_text": "              precision    recall  f1-score   support\n\n     Sitting       0.94      0.92      0.93       991\n    Sleeping       0.92      0.95      0.93       646\n    Standing       0.93      0.92      0.93       447\n     Walking       1.00      1.00      1.00      1777\n\n    accuracy                           0.96      3861\n   macro avg       0.95      0.95      0.95      3861\nweighted avg       0.96      0.96      0.96      3861\n",
    "confusion_matrix": [
        [
            909,
            47,
            31,
            4
        ],
        [
            32,
            613,
            1,
            0
        ],
        [
            23,
            8,
            413,
            3
        ],
        [
            2,
            0,
            0,
            1775
        ]
    ],
    "class_names": [
        "Sitting",
        "Sleeping",
        "Standing",
        "Walking"
    ],
    "checkpoint_path": "phase1_2d_baseline/checkpoints\\best_model_2d_action.pt",
    "history": [
        {
            "epoch": 1,
            "train_loss": 0.524083395596421,
            "train_accuracy": 0.8251881021025245,
            "train_macro_f1": 0.7787484723523954,
            "test_loss": 0.47356055184284107,
            "test_accuracy": 0.8311318311318311,
            "test_macro_f1": 0.7829096080455913
        },
        {
            "epoch": 2,
            "train_loss": 0.30712697384570536,
            "train_accuracy": 0.9131565993952605,
            "train_macro_f1": 0.8849790152157432,
            "test_loss": 0.28040836807808334,
            "test_accuracy": 0.9005439005439005,
            "test_macro_f1": 0.8642224386702071
        },
        {
            "epoch": 3,
            "train_loss": 0.23115362661602074,
            "train_accuracy": 0.9308768722312074,
            "train_macro_f1": 0.9079217608107989,
            "test_loss": 0.20259874790525306,
            "test_accuracy": 0.9215229215229215,
            "test_macro_f1": 0.8901717339882067
        },
        {
            "epoch": 4,
            "train_loss": 0.19064187079146228,
            "train_accuracy": 0.9415652907671753,
            "train_macro_f1": 0.9197896170860422,
            "test_loss": 0.18363519129174483,
            "test_accuracy": 0.9311059311059311,
            "test_macro_f1": 0.9051164264292818
        },
        {
            "epoch": 5,
            "train_loss": 0.15838770995255924,
            "train_accuracy": 0.9586526967161241,
            "train_macro_f1": 0.9420658078276098,
            "test_loss": 0.2056040331268489,
            "test_accuracy": 0.916083916083916,
            "test_macro_f1": 0.8792897452371099
        },
        {
            "epoch": 6,
            "train_loss": 0.14813361580690365,
            "train_accuracy": 0.9585120596301244,
            "train_macro_f1": 0.9417111605481685,
            "test_loss": 0.1584219834186562,
            "test_accuracy": 0.945091945091945,
            "test_macro_f1": 0.9240262034380382
        },
        {
            "epoch": 7,
            "train_loss": 0.14142001296249038,
            "train_accuracy": 0.9611841642641165,
            "train_macro_f1": 0.9453002421006278,
            "test_loss": 0.13183040898088527,
            "test_accuracy": 0.9554519554519555,
            "test_macro_f1": 0.9372771055050984
        },
        {
            "epoch": 8,
            "train_loss": 0.13469755279473822,
            "train_accuracy": 0.9638562688981084,
            "train_macro_f1": 0.9495318322980462,
            "test_loss": 0.16203411075903348,
            "test_accuracy": 0.9469049469049469,
            "test_macro_f1": 0.9265882475167112
        },
        {
            "epoch": 9,
            "train_loss": 0.13699506083054763,
            "train_accuracy": 0.9618873496941144,
            "train_macro_f1": 0.9470217859584091,
            "test_loss": 0.1706726504293794,
            "test_accuracy": 0.9404299404299404,
            "test_macro_f1": 0.9186291981754666
        },
        {
            "epoch": 10,
            "train_loss": 0.12422953663089592,
            "train_accuracy": 0.9675128331340974,
            "train_macro_f1": 0.9538043250933003,
            "test_loss": 0.22010730258911573,
            "test_accuracy": 0.9311059311059311,
            "test_macro_f1": 0.9053795227682724
        },
        {
            "epoch": 11,
            "train_loss": 0.1310621561328911,
            "train_accuracy": 0.9628718092961114,
            "train_macro_f1": 0.9482605296633382,
            "test_loss": 0.18029944816675353,
            "test_accuracy": 0.9324009324009324,
            "test_macro_f1": 0.903778364718506
        },
        {
            "epoch": 12,
            "train_loss": 0.12102984375693729,
            "train_accuracy": 0.9684269741930948,
            "train_macro_f1": 0.955097288712669,
            "test_loss": 0.17406688430102923,
            "test_accuracy": 0.9445739445739446,
            "test_macro_f1": 0.9220853188927739
        },
        {
            "epoch": 13,
            "train_loss": 0.0941404538594145,
            "train_accuracy": 0.9740524576330778,
            "train_macro_f1": 0.9633289055731755,
            "test_loss": 0.1492768045880199,
            "test_accuracy": 0.9528619528619529,
            "test_macro_f1": 0.9348896095235878
        },
        {
            "epoch": 14,
            "train_loss": 0.08926540923541075,
            "train_accuracy": 0.9772871106110681,
            "train_macro_f1": 0.9668255823036254,
            "test_loss": 0.14084520908594667,
            "test_accuracy": 0.9531209531209531,
            "test_macro_f1": 0.9327242290023408
        },
        {
            "epoch": 15,
            "train_loss": 0.07690169669244516,
            "train_accuracy": 0.9796779410730609,
            "train_macro_f1": 0.9704639801164301,
            "test_loss": 0.18414758262968486,
            "test_accuracy": 0.9370629370629371,